{"name":"QuickFix - Home Services Marketplace","short_name":"QuickFix","description":"Find and book trusted home service providers for electrical, plumbing, carpentry and more","start_url":"/","display":"standalone","background_color":"#ffffff","theme_color":"#FF5722","orientation":"portrait","scope":"/","lang":"en-US","dir":"ltr","categories":["business","lifestyle","utilities"],"icons":[{"src":"/icon-72.png","sizes":"72x72","type":"image/png","purpose":"any"},{"src":"/icon-96.png","sizes":"96x96","type":"image/png","purpose":"any"},{"src":"/icon-128.png","sizes":"128x128","type":"image/png","purpose":"any"},{"src":"/icon-144.png","sizes":"144x144","type":"image/png","purpose":"any"},{"src":"/icon-152.png","sizes":"152x152","type":"image/png","purpose":"any"},{"src":"/icon-192.png","sizes":"192x192","type":"image/png","purpose":"any maskable"},{"src":"/icon-384.png","sizes":"384x384","type":"image/png","purpose":"any"},{"src":"/icon-512.png","sizes":"512x512","type":"image/png","purpose":"any maskable"}],"screenshots":[{"src":"/screenshot-1.png","sizes":"540x720","type":"image/png","form_factor":"narrow"}],"shortcuts":[{"name":"Find Services","url":"/search","description":"Search for service providers"},{"name":"My Bookings","url":"/student/bookings","description":"View your bookings"},{"name":"Messages","url":"/student/messages","description":"Check your messages"}]}